id;titulo;FK_AUTOR;FK_EDITORIAL;año;stock
1;El amor en los tiempos del cólera;1;83;1996;2
2;El amor inteligente;2;67;1999;1
3;Amor y sexualidad después de los 40;3;57;2011;1
4;El anatomista;4;67;2012;1
5;Los anillos de la memoria;5;86;1990;6
6;Anthony Hopkins;6;29;2006;4
7;Antigua vida mía;7;4;1993;5
8;Antología;8;38;2000;1
9;Antología autobiográfica;9;51;1992;0
10;Antologia cuarta;10;52;2004;7
11;Antología de Cuentos de terror II;11;5;2012;7
12;Antología de la literatura fantástica;11;83;2010;4
13;Antología del Cuento chileno;11;88;2008;7
14;Antología del Cuento fantástico hispanoamericano;11;88;2010;6
15;Antología del Cuento moderno;11;88;2002;1
16;Antología fundamental;12;66;2005;10
17;Antología poética;13;38;1999;3
18;Antología poética;14;75;2004;8
19;Anton quiere ser dragón;15;74;2006;5
20;El año de la muerte de Ricardo Reis;16;4;2003;3
21;Apuntes para el fin de siglo;17;52;2002;8
22;La Araucana;18;88;1996;3
23;El árbol del conocimiento;19;88;1999;2
24;Ardiente paciencia;20;83;1992;2
25;Armonía rota;21;44;1990;1
26;Aromaterapia y masaje;22;90;2004;4
27;El arpa y la sombra;23;40;1992;2
28;Las armas secretas;24;83;2002;4
29;Arráncame la vida;25;4;2000;10
30;Artistas, locos y criminales;26;83;1990;5
31;Los asesinatos de la calle Morgue;27;10;1996;10
32;Así es la vida Carlota;28;74;1999;3
33;Asterix 1 (El Galo);29;44;2013;9
34;Asterix 2 (Y los Godos);29;44;2013;2
35;Asterix 3 (Hoz de Oro);29;44;2010;2
36;Asterix 4 (Gladiador);29;44;1993;7
37;Asterix 5 (En los juegos Olímpicos);29;44;2003;9
38;Asterix 6 (La vuelta a la Galia);29;44;2011;10
39;Asterix 7 (y Cleopatra);29;44;2006;10
40;Asterix 8 (Y los Normandos);29;44;2012;3
41;Asterix 9 (Legionario);29;44;1997;3
42;Asterix 10 (Combate de los Jefes);29;44;2009;3
43;Asterix 11 (Escudo Arverno);29;44;1999;2
44;Asterix 12 (En Bretaña);29;44;2010;1
45;Asterix 13 (Y el Caldero);29;44;2012;0
46;Asterix 15 (Cizaña);29;44;1993;10
47;Asterix 16 (En Helvecia);29;44;2013;5
48;Asterix 17 (Residencia de los Dioses);29;44;1995;0
49;Asterix 18 (Los laureles del Cesar);29;44;1997;0
50;Asterix 19 (Adivino);29;44;1995;0
51;Asterix 20 (En Córcega);29;44;2007;9
52;Asterix 21 (Regalo del César);29;44;2006;6
53;Asterix 22 (Gran Travesía);29;44;2011;8
54;Asterix 23 (Obelix y Compañía);29;44;2004;0
55;Asterix 24 (en Bélgica);29;44;1993;10
56;Asterix 25 (Gran Zanja);29;44;1990;8
57;Asterix 26 (Odisea de Asterix);29;44;2012;4
58;Asterix 27 (Hijo de Asterix);29;44;1995;6
59;Asterix 28 (En la India);29;44;2012;7
60;Asterix 29 (La Rosa y la Espada);29;44;2006;4
61;Atlántida;30;43;2007;3
62;Atlas de los animales;11;74;2011;0
63;Aura;31;36;2012;7
64;Las aventuras de Tom Sawyer;32;10;2011;6
65;Las aventuras de Vania;33;74;2012;2
66;El avión;34;74;2000;5
67;Ay Mama Inés;35;10;1998;8
68;Ayer;36;51;1999;8
69;La azucarera;37;3;2008;4
70;Bajo el volcán;38;86;1999;2
71;Bajo la tierra;34;74;1990;7
72;Balneario;39;67;2001;8
73;El barco;34;74;2006;6
74;El bebedor de cerveza;40;16;2008;3
75;La bella y las bestias;41;67;2010;5
76;Ben-Hur;42;10;2004;8
77;Benito Cereno;43;5;2008;5
78;Besos;44;74;1992;6
79;La bestia en casa;45;4;1996;3
80;Billy y el vestido rosa;46;4;2006;3
81;Bisa bea, Bisa del;47;40;1998;10
82;Bola de sebo y otros Cuentos;48;88;2003;9
83;Boleros en La Habana;49;67;1997;7
84;Boquitas pintadas;50;76;1998;1
85;Borges, una biografía;51;40;2013;0
86;La borra del café;52;9;2006;0
87;Breve antología de cuentos;11;83;2008;6
88;La broma;53;86;1994;9
89;La bruja Mon;54;74;2012;10
90;Bruno el rezongon;55;40;2004;4
91;El caballero de la armadura oxidada;56;65;2004;2
92;Caballo de Troya I (1);57;67;1997;6
93;Caballo de Troya II (2);57;67;1990;1
94;Caballo de Troya III (3);57;67;1991;2
95;Caballo de Troya IV (4);57;67;1990;5
96;Caballo de Troya V (5);57;67;2009;4
97;El caballo y su niño;58;10;2008;6
98;La cabaña del tío Tom;59;10;2010;9
99;Cacao;60;5;1990;8
100;Cada tigre en su jungla;61;74;1997;4
101;Cae la noche tropical;50;76;1992;7
102;Café nostalgia;62;76;2002;7
103;El caldero mágico;63;74;2008;1
104;Cambios;64;40;1998;6
105;Camila;65;4;1990;0
106;Camille y los girasoles;66;78;2010;4
107;Camilón, comilón;47;74;1992;8
108;Camino a Selma ;67;25;2010;10
109;La camiseta de Max;68;74;1998;4
110;Canalla, traidor, morirás;69;74;2001;3
111;Canción de Navidad;70;88;2009;0
112;Canciones del mas acá;52;76;2002;6
113;Cantando con Mazapán;71;88;2010;5
114;Canto a su amor desaparecido;72;88;2006;9
115;Canto general I y II;12;67;1998;8
116;Canto y cuento;73;74;2003;7
117;La capa de ozono;74;74;2002;4
118;El capitán Tormenta;75;10;1996;9
119;Capitanes de la arena;60;5;1998;5
120;El capricho de los dioses;76;34;1993;3
121;Carlota descubre a los impresionistas;77;78;1996;8
122;Cartas a Theo;78;49;1990;9
123;Cartas para Tomás;79;67;2009;2
124;La casa;34;74;2009;10
125;Casa de campo;80;76;2001;5
126;La casa de los espíritus;81;83;1996;6
127;Casa grande;82;10;2013;6
128;La casa negra;83;5;1999;7
129;La casa verde;84;76;2011;6
130;Casas en el agua;85;51;1993;7
131;Casi un objeto;16;4;2012;0
132;El caso de Charles Dexter Ward;86;5;2005;2
133;La casta de los Metabarones ;87;25;2013;9
134;Catedral;88;7;2009;8
135;La caza del gran tesoro;89;46;2005;1
136;El cazador de Cuentos;90;10;1997;6
137;La cazadora de Indiana Jones;91;74;2002;4
138;La celestina;92;88;2009;6
139;Cementerio de animales;93;34;2003;2
140;La cenicienta en San Francisco;20;10;1998;3
141;El cepillo de dientes;94;88;1993;7
142;Chagall;95;84;2013;3
143;Charcos en el camino;96;74;1993;3
144;La chica del Crillon;97;88;1992;6
145;Las chicas buenas se van al cielo y las malas a …;98;44;1990;4
146;Chile actual : anatomia de un mito;99;52;2009;0
147;Chile o una loca geografía;100;88;1998;0
148;Chile perplejo;101;67;2002;1
149;Las chilenas de la colonia;102;51;1990;8
150;El chofer que no era;103;10;1996;7
151;Cien años de soledad;104;83;1998;1
152;Cien pajaros volando;45;67;1997;0
153;Cinco días de Agosto;105;74;1996;1
154;Cinco panes de cebada;106;74;1993;7
155;Cinco pepitas de naranja;107;10;2005;4
156;Cine chileno 20 años;108;59;2002;10
157;El cine norteamericano en 120 películas;109;5;1998;4
158;El circo de Cirilo;110;10;2011;8
159;Cisnes salvajes;111;19;2006;6
160;Cita con la muerte;112;67;2005;5
161;La ciudad anterior;113;67;2005;1
162;La ciudad de la alegría;114;76;2011;3
163;La ciudad y los perros;84;76;2008;3
164;Las ciudades invisibles;115;60;2011;1
165;Claude Monet;116;84;2000;4
166;Claves de la historia del cine;117;72;1992;4
167;Cobro revertido;118;67;2013;4
168;La cocina erótica del Conde de Lafourchette;119;52;1999;5
169;El cocodrilo pintor;120;74;2001;0
170;Cofradía blindada;121;67;2000;3
171;Colmillo blanco;122;10;1994;7
172;El color;34;74;1990;4
173;Los colores de Maisy;123;78;1996;3
174;Colorin colorado, ovulito fecundado;90;88;2008;3
175;Coma;124;34;1992;4
176;La comedia del arte;39;67;2005;0
177;La comezon de ser mujer;125;67;1993;4
178;Comienza la aventura;63;74;2005;9
179;Como agua para chocolate;126;61;2013;5
180;Como brilla el mar;63;74;2006;6
181;Como escuchar la música;127;40;1991;7
182;Como funcionan los perros;128;29;2005;1
183;Como hacer el amor con la misma persona......;129;89;1993;2
184;Como se hace una película;130;74;1999;10
185;Como ser mujer y no morir en el intento;131;85;1996;5
186;Como ser padres hoy;132;57;2009;6
187;Como sobrevivir en Chile despues de los 30;133;2;2001;2
188;Como un salto de campana;134;4;2001;8
189;El concierto de rock;135;74;1993;8
190;La condición humana;136;10;1997;1
191;Confesiones de un vampiro;137;28;2000;1
192;Confieso que he vivido;12;67;1998;10
193;Conjeturas sobre la memoria de mi tribu;138;4;2005;5
194;Conociendo a Gabriela Mistral;139;74;2013;2
195;El conocimiento silencioso;140;34;1991;0
196;Constancia y otras novelas para vírgenes;31;40;2010;5
197;El consumo me consume;141;51;2000;10
198;Contra la muerte;142;88;2000;9
199;Contrapartes;143;35;2011;9
200;Conversaciones en la catedral;84;76;1992;2
201;El corazón a contraluz;144;34;1992;2
202;El corazón de las tinieblas;145;5;2000;1
203;Corazones rojos;146;44;1996;10
204;El correo de Bagdad;147;67;2002;4
205;Correr tras el viento;148;67;1998;8
206;Cosecha roja;149;5;2011;8
207;Crazy Cock;150;34;2001;5
208;Crimen y castigo;151;82;1997;9
209;Cristóbal Nonato;31;40;2010;9
210;Crónica de una muerte anunciada;1;83;1996;1
211;Crónicas marcianas;152;60;1996;6
212;Cruzada en jeans;153;74;2005;2
213;Los cuadernos de don Rigoberto;154;4;1999;5
214;Cuando los gigantes aman;155;40;2000;1
215;Cuando los políticos eran inteligentes;119;67;2002;5
216;Cuando papá y mamá ya no viven juntos;156;62;2006;10
217;Cuando Tina berrea;157;74;2002;2
218;Cuando ya no importe;158;4;1996;1
219;El cuarto del bebé;159;74;2009;7
220;Cuartos oscuros;160;74;1999;2
221;Los cuatro amores;58;88;1999;9
222;Las cuatro estaciones I y II;161;10;2008;0
223;Cucho;130;74;2003;4
224;Los cucos de Midwich;162;1;1992;7
225;Cuenta con Maisy;123;78;2004;6
226;Cuentamundo;163;88;2002;8
227;Cuento aparte;164;67;1996;5
228;El Cuento hispanoamericano;165;88;2003;5
229;Cuentos;80;76;2009;2
230;Cuentos;166;5;2009;3
231;Cuentos araucanos;167;10;2002;1
232;Cuentos chilenos;11;10;1993;3
233;Cuentos clásicos juveniles;11;4;1999;0
234;Cuentos completos;168;4;1999;0
235;Cuentos completos;158;4;2002;0
236;Cuentos completos 1964-1974;168;5;1991;3
237;Cuentos con maravilla;161;10;2008;6
238;Cuentos con walkman;11;67;1991;10
239;Cuentos de Eva Luna;81;83;2000;7
240;Cuentos de fútbol;11;4;2009;7
241;Cuentos de la Alhambra;169;5;2010;0
242;Cuentos de la selva;170;10;1996;7
243;Cuentos de los años felices;26;83;2001;1
244;Cuentos de los reinos inquietos;171;10;1992;10
245;Cuentos de perros, gatos y canarios;161;88;2012;4
246;Cuentos de príncipes, garzas y manzanas;11;74;1996;4
247;Cuentos de terror;11;10;2010;2
248;Cuentos de tesoros y monedas de oro;167;74;2007;1
249;Cuentos I;27;5;2005;2
250;Cuentos inconclusos de Númenor;172;60;2006;8
251;Cuentos para leer sin rimmel;173;64;2007;1
252;El cuerpo humano;174;74;2005;3
253;Cuerpos prohibidos;175;67;2013;0
254;Cuestión de astronomía;176;61;1993;2
255;La cultura huachaca;177;63;2008;6
256;El cumpleaños de Juan Angel;52;4;1998;8
257;El cura de la camioneta verde;178;44;2006;9
258;La curación por las flores;179;24;2010;4
259;Curarse en salud;180;70;1994;1
260;Dali;181;84;1995;4
261;El daño;182;4;2002;8
262;De amor y de sombra;81;83;1996;9
263;Los de abajo;183;88;2007;7
264;De cómo Stella recobró la marcha;184;7;2008;4
265;De día y de noche;167;10;1997;2
266;De la tierra a la luna;185;10;1993;4
267;De norte a sur con Mazapán;71;88;2012;1
268;De perlas y cicatrices;186;51;2013;4
269;Degas;187;84;1998;8
270;Degas;187;84;2010;10
271;Del aire al aire;94;88;1995;4
272;Del amor y otros demonios;104;83;2010;9
273;Delgado niño Neftalí;188;81;2002;5
274;Demian;189;5;1998;0
275;Los derechos del niño;11;87;1992;3
276;Desencuentros;190;86;2009;5
277;Deshoras;24;83;2004;9
278;Desolación;163;10;2005;4
279;La despedida;53;86;1993;4
280;Despistes y franquezas;52;4;1999;7
281;El diablo de los números;191;80;2012;8
282;El diablo en la botella y otros cuentos;192;5;2005;0
283;Diario de muerte;193;88;1995;4
284;Diario de un killer sentimental;190;86;2010;5
285;Días y noches de amor y de guerra;17;5;2001;3
286;Diccionario de directores de cine;109;83;2006;9
287;Diez años con Mafalda;194;30;2009;1
288;Diez Cuentos de lobos;195;74;2000;1
289;El dinamitero;192;5;2001;0
290;El dinosaurio;34;74;2012;8
291;Dinosaurios y otros animales prehistóricos;196;50;2011;0
292;Disco duro;11;67;1997;10
293;Doce Cuentos peregrinos;104;83;2003;4
294;Doce relatos de mujeres;197;5;2002;2
295;El documento R;198;44;2003;0
296;Los dominios perdidos;199;40;2008;9
297;Don Juan Tenorio;200;88;2002;5
298;Don Quijote de la Mancha I y II;201;88;2001;9
299;Doña Barbara;202;10;1994;10
300;Doña Flor y sus dos maridos;60;54;1996;6
301;Donde el corazón te lleve ;203;14;2002;4
302;Donde esta Wally ?;204;29;1998;9
303;Dónde está Wally ? en Hollywood;204;25;2003;2
304;Donde esta Wally ahora ?;204;29;1993;6
305;Donde van a morir los elefantes;80;4;2007;1
306;Donde vuelan los cóndores;205;10;1993;10
307;Los dos Borges;206;15;2005;0
308;Dracula;207;8;1997;1
309;Drácula (el cómix);208;25;1992;5
310;El duende pinpon;209;10;1991;1
311;Dune;210;68;2012;7
312;La edad de oro;211;44;1991;9
313;La edad del pavo;212;88;1998;1
314;Edades de oro del teatro;213;40;2008;3
315;Edipo rey;214;88;2005;9
316;El efecto invernadero;74;74;2000;7
317;El Bosco;215;84;2012;1
318;En el camino;216;7;2005;10
319;En el país de los Incas;217;74;1997;7
320;En la cripta;86;5;2011;5
321;En las montañas de la locura;218;76;2004;1
322;En voz baja;219;51;2005;2
323;Los enanos de Mantua;220;74;2000;7
324;Enciclopedia mega chiquitín;11;50;1990;0
325;Enciclopedia mega naturaleza y ecología;11;50;2000;7
326;La encrucijada;221;74;2003;2
327;Las enseñanzas de Don Juan;140;40;2010;4
328;Entre gallos y conejos;171;10;1995;0
329;Entrevista con el vampiro;137;28;2004;3
330;Envejecer es vivir;222;70;2007;9
331;Es tu tierra, cuídala;223;45;2009;3
332;Los escarabajos vuelan al atardecer;224;74;2004;7
333;El escritor y sus fantasmas;225;76;1992;1
334;Ese dulce mal;83;5;2008;10
335;La esfera media del aire;226;4;2003;5
336;El espejo roto;112;67;2007;7
337;El estanque de fuego;227;4;1995;3
338;Este domingo;80;10;2012;7
339;Estudio en escarlata;107;5;2002;10
340;Eugenia Grandet;228;88;1991;4
341;Eva Luna;81;83;2010;8
342;El evangelio según Jesucristo;16;4;2002;1
343;Los evangelios para sanar;87;23;2010;7
344;La expedición de los vikingos;229;74;2005;4
345;La extracción de la piedra de locura;230;91;1991;3
346;El extranjero;231;5;1994;6
347;Extraño testamento;76;34;2003;10
348;El fabricante de lluvia;232;74;1992;8
349;Fábulas y leyendas americanas;233;10;1995;6
350;El factor Matusalem;234;1;1998;1
351;Factótum;235;7;2003;3
352;El fantasma de palacio;236;74;2011;3
353;Fantasmas de carne y hueso;237;83;2004;6
354;Fantasmas de día;106;74;1993;9
355;Los fantasmas del amor;238;83;2001;7
356;Farenheit 451;152;60;2012;3
357;Fatamorgana de amor con banda de música;239;67;2004;5
358;Federico se hizo pis;240;83;2001;7
359;Fernando el magnifico;241;74;1993;5
360;Ficcionario;242;40;1996;2
361;El fin de la tercera edad;172;60;2010;2
362;La flaca y el gordo;130;74;2003;5
363;La flor;34;74;2003;6
364;Folklor chileno;243;44;2001;3
365;Frankenstein;244;8;2004;10
366;Frankenstein (el cómix);244;25;1995;10
367;Fray Andrés, otra vez;134;74;2007;9
368;Fray Perico en la guerra;245;74;2012;10
369;Fray Perico y su borrico;246;74;2000;8
370;Frida Kahlo;247;27;1993;8
371;La frontera invisible;248;74;1993;8
372;El fuego de cada día;249;67;2011;6
373;El fuego interior;140;34;1996;0
374;Fuenteovejuna;250;88;2012;7
375;Fundación;251;4;2011;2
376;Fundación e imperio;251;4;1999;10
377;Fundación y tierra;251;4;2000;6
378;La fuerza de la experiencia;252;70;2011;1
379;La fuerza de Sheccid;253;21;2004;9
380;Los funerales de la mama grande;104;83;1992;1
381;Gabriela;60;5;2002;6
382;Gabriela Mistral;206;15;2004;1
383;El gato con botas;254;88;1990;4
384;El gato Mog;255;74;1990;3
385;Gauguin;256;84;2006;7
386;Los gemidos;257;51;1995;4
387;Generación X;258;25;1993;9
388;El general en su laberinto;104;83;2010;9
389;Génesis de una leyenda africana;259;68;1997;5
390;Gente al acecho;45;67;2005;10
391;La gesta del marrano;260;67;2001;0
392;El gigante egoísta;261;10;2010;8
393;Glosario chileno del amor;262;67;2008;6
394;Golfo de Penas;263;67;2001;7
395;Golondrina de invierno;264;10;2009;4
396;Gracias por el fuego;52;36;2010;6
397;El gran desastre;265;45;1998;3
398;El gran Gatsby;266;10;2012;2
399;El gran gigante bonachon;267;4;2005;6
400;Gran lobo salvaje;268;74;1990;1
401;Grandes éxitos;175;67;1997;7
402;Grigri hace una tarta;269;74;1991;7
403;Gringo viejo;31;40;2004;4
404;El grito del amor;270;51;2004;8
405;El guanaco blanco;263;51;1999;10
406;El guardián entre el centeno;271;5;1998;4
407;La guerra de los mundos;272;10;2004;1
408;La guerra de Troya;273;47;2009;9
409;La guerra del fin del mundo;84;76;1999;2
410;La guerra y la paz;274;67;2005;2
411;La guerrilla literaria;275;15;2013;5
412;Guillermo el líder;276;10;1990;0
413;El gusto literario;277;41;2010;3
414;Habla mi viejo;278;74;1994;3
415;El hablador;84;76;1997;0
416;La hacedora de claros;171;88;2002;0
417;Las hadas y otros Cuentos;254;88;2013;10
418;El halcón maltés;149;5;2007;6
419;Hamlet;279;88;2005;8
420;Hasta el domingo;280;62;1995;6
421;Hasta no verte Jesús mío;281;5;2009;10
422;Hay un ratón en la casa;282;41;1990;2
423;Henri Toulouse-Lautrec;283;84;2001;2
424;Henry Miller, su mujer y yo;284;34;2009;7
425;Los hermanos Karamazov I y II;151;10;2011;6
426;Hernan Cortes;285;40;2010;7
427;El higo mas dulce;286;40;1990;6
428;Hija de la fortuna;81;83;2000;9
429;La hija del caníbal;287;37;2008;5
430;La hija del espantapájaros;224;74;1995;6
431;Hijo de mi;288;53;2006;10
432;Los hijos de Pinochet;289;67;1992;4
433;Himno del angel parado en una pata;290;67;1995;2
434;Hipersuper Jezabel;291;74;1991;5
435;Hiroshima mon amour;292;76;2002;5
436;Historia de Chile;11;88;2005;4
437;Historia de cronopios y famas;24;4;2002;3
438;La historia de Ernesto;293;74;2011;9
439;La historia de Lassie;294;10;1992;5
440;Historia de la literatura chilena I,II;295;88;2009;5
441;La historia de María Griselda;296;10;1990;1
442;Historia de la sexualidad 1,2,3;297;79;2000;0
443;Historia de Mayta;84;76;1992;1
444;Historia de una absolución familiar;298;67;2010;9
445;Historia de una gaviota y del gato que le enseñó a volar;190;86;1995;8
446;Historia del ferrocarril;299;66;2000;7
447;Historia del ojo;300;86;2002;6
448;La historia del señor Sommer;301;76;2013;1
449;Historia del tiempo;302;5;1990;2
450;La historia interminable;303;4;1993;5
451;La historia oculta del regimen militar;304;44;1999;1
452;Historia personal del boom;80;10;2002;4
453;Historia personal del miedo;305;67;1998;8
454;Historias de ninguno;54;74;2004;4
455;El hobbit;172;60;1999;10
456;Hollywood;235;7;2005;5
457;Hombre de la esquina rosada;242;10;2006;1
458;El hombre golondrina;49;67;2008;5
459;El hombre light;2;85;2011;8
460;El hombre que perdio su imagen;306;8;2000;10
461;El hombre que ya no tenía nada que hacer;307;74;1991;2
462;El hombre sentado en el pasillo;292;86;2013;9
463;Los hombres son de Marte, las mujeres son de Venus;308;14;2006;1
464;Hombres obscuros;309;51;1997;10
465;Honrarás a tu padre;11;67;2001;6
466;La hora final de Castro;310;90;2008;2
467;El horror de Dunwich;218;5;2003;5
468;Hoy recuerdo la tarde en que le vendi mi alma al diablo;311;61;1991;5
469;El huevo;34;74;1999;7
470;Hugo;224;74;1998;1
471;Huidobro;206;15;2002;2
472;Humo hacia el sur;312;51;1993;2
473;Ideario y ruta de la emancipación chilena;313;88;1998;4
474;La identidad;53;86;2010;6
475;La iliada;314;10;2004;6
476;El impostor;315;34;2000;5
477;In/Mediaciones;249;67;2003;4
478;Incesto;284;34;2010;0
479;La increíble y triste historia de la Cándida Erréndira;104;83;2013;1
480;El increíble mundo de Llanca;167;10;2007;6
481;Las infantas;316;67;1993;7
482;El infiltrado;45;44;2012;5
483;El informe de Brodie;242;34;1995;0
484;La insoportable levedad del ser;53;86;1998;1
485;Inteligencia artificial;317;1;1992;0
486;La inteligencia emocional;318;90;1994;1
487;La inteligencia emocional de los niños;319;45;2004;4
488;Introducción al PNL;320;34;1992;2
489;Invasión;124;34;1998;0
490;El invasor;321;67;2009;10
491;La invención de Chile;11;88;1995;5
492;Inventario;52;76;2004;0
493;Inventos;322;29;2007;4
494;Invierno en la torre;323;67;1992;0
495;La isla del tesoro;192;10;2005;2
496;La isla menguante;54;74;2001;0
497;El jardín del lado;80;76;2003;9
498;Javiera y Lobito;324;74;2001;5
499;El jazz;325;41;1993;4
500;Jazz;326;25;2001;3
501;El joder y la gloria;327;67;1994;5
502;Josefina;224;74;1991;3
503;El joven Lennon;306;74;1993;4
504;Juan Chorlito;328;74;1993;2
505;Juan Salvador Gaviota;329;90;1994;3
506;Juana Lucero;330;10;2000;8
507;Juegos de patriotas;331;34;2003;5
508;Juegos para viajes y días de lluvia;332;74;1999;9
509;Julius Blom;333;74;1996;1
510;Jumanji;286;40;2011;3
511;Jurel tipo salmón;334;44;2006;10
512;Juventud en éxtasis;335;21;2013;3
513;Kahlo;336;84;1993;7
514;Kamasutra;337;68;1990;1
515;Karl Marx;338;40;2001;1
516;Kike;339;74;2001;9
517;Kilikilis y Golagolas ;340;23;1998;0
518;Kim;341;5;1991;3
519;Klimt;342;84;2000;8
520;Koko y el pájaro blanco;343;74;1990;5
521;Konfidenz;344;67;1993;1
522;Konrad;345;4;2010;2
523;El labio inferior;346;67;1997;10
524;El lazarillo de Tormes;337;10;2010;9
525;Lazos de amor;347;25;2004;10
526;Legítima defensa;348;67;1993;10
527;El lenguaje;349;40;1999;8
528;El lenguaje de los animales;350;74;2005;5
529;El león, la bruja y el ropero;58;10;2004;7
530;Leviatan;351;7;2008;5
531;La ley del amor;126;44;2003;2
532;Leyendas chilenas;352;10;1996;8
533;El libro apestoso;353;40;2012;8
534;El libro de buen amor;354;88;1995;0
535;El libro de la risa y el olvido;53;76;1990;8
536;Libro de las M'Alicias;355;74;1994;6
537;El libro de las preguntas;12;67;2007;4
538;El libro de las virtudes;356;25;2013;9
539;El libro de las virtudes para ninos;11;28;1998;4
540;El libro de las virtudes para niños;356;25;2008;6
541;El libro de los abrazos;17;79;2007;2
542;El libro de los héroes para niños;11;45;2009;2
543;El libro de Manuel;24;83;1997;7
544;Lima, limita, limón;11;12;2009;2
545;Los límites de la fundación;251;4;2007;2
546;La lista de Schindler;357;28;2011;6
547;Literatura y cine;358;18;2012;8
548;Lituma en Los Andes;84;67;2013;6
549;Llamadas telefónicas;359;7;1990;6
550;El llamado de la selva;122;10;2009;8
551;Llampo de sangre;360;10;2009;2
552;La llave de cristal;149;5;2012;0
553;Las llaves del reino;361;10;2000;6
554;Lo que más me gusta es rascarme los sobacos;235;7;1994;7
555;El lobo estepario;189;5;2001;6
556;El loco libro de las brujas;362;46;2013;9
557;El loro de siete lenguas;87;23;1994;7
558;Lolita;363;7;2008;9
559;El lugar donde estuvo el paraiso;364;67;1990;7
560;Lumbánico, el planeta cubico;365;74;2000;0
561;La luna era mi tierra;366;67;2006;6
562;La luna y seis peniques;367;10;2008;3
563;Luz y color;174;74;2005;0
564;La luz incompleta;368;74;2008;8
565;Ma y pa Dracula;369;40;2001;4
566;Machos tristes;41;67;1992;3
567;Madame Bovary;370;10;1991;3
568;Mágico sur;371;74;2004;7
569;Mai;339;74;1997;2
570;Mal de amor;372;51;2009;9
571;Mal de amores;25;76;2006;1
572;La mala hora;104;83;2001;0
573;La mala memoria;175;67;1990;0
574;Mala onda;373;67;1995;10
575;Las malas juntas;118;67;2002;2
576;La maldición de los Dain;149;5;1993;1
577;Mama encuentra todo;374;88;2007;1
578;Mamire, el último niño;188;4;2013;9
579;Mañana los guerreros;375;51;1998;3
580;Mano bendita;119;67;1993;6
581;La mano izquierda de la oscuridad;376;60;2003;4
582;Manual para caperucitas rotas;377;67;2013;9
583;Los manuscritos de Magdala;21;44;2005;10
584;La máquina de follar;235;7;1995;8
585;Mar muerto;60;5;1994;10
586;Las maravillas del cine;378;40;1990;1
587;Marcelino Pan y Vino;379;10;1998;1
588;Mares y costas;174;74;1993;2
589;Marianela;380;10;1992;10
590;Un marido para mamá;345;62;1999;10
591;La mariposa;381;25;1993;0
592;Mariposas encerradas en mi;173;64;2002;1
593;Mariquilla la pela;382;74;1993;3
594;Marte y venus en la alcoba;308;25;1992;6
595;Marte y Venus enamorados;308;34;1990;7
596;Marte y venus hacen las paces;308;34;2012;9
597;Martín Fierro;383;10;2012;4
598;Los mas inteligentes chistes de Gallegos;384;67;2013;10
599;Matar al marido es la consigna;385;67;2012;1
600;Matrimonio a la chilena;125;4;1992;8
601;Mazorcas de tiempo;386;77;2012;2
602;Me gustan los libros;64;40;2007;8
603;Membranza;387;20;2011;10
604;Los mejores cuentos policiales (2 v.);388;5;1992;8
605;Memorial de la noche;144;83;2011;7
606;Memorias;388;86;1992;9
607;Memorias de Adriano;389;83;1994;7
608;Mensagem - poemas esotericos;390;88;2007;9
609;Mentira todo lo cierto;391;88;2004;3
610;El mercader de Venecia;279;88;1994;6
611;La mesa de la tierra;392;51;2010;7
612;La metamorfosis y otros relatos;393;10;1993;3
613;Mi amiga Ana Frank;394;45;2005;10
614;Mi amigo el negro;324;88;1995;3
615;Mi año;267;74;2003;8
616;Mi hermana la pantera;395;74;2009;10
617;Mi planta de naranja lima;396;33;2002;10
618;El tío Willi Brord;397;74;2000;5
619;Mi vida junto a Pablo Neruda;398;76;1992;0
620;Mil soles;114;76;1990;2
621;Mini, detective;345;74;1991;3
622;Mirringa mirronga;399;10;2000;9
623;Los miserables;400;67;2011;4
624;El misterio del eunuco;401;74;2006;5
625;El misterio del solitario;402;31;2012;3
626;El mocho;80;4;2007;8
627;Molinete;54;74;2010;6
628;Momo;303;4;1992;8
629;El mono imitamonos;403;74;2006;6
630;El monstruoso libro de los monstruos;404;74;2009;7
631;La montaña de luz;75;5;2012;1
632;Montevideanos;52;76;2001;8
633;La moral light;133;67;1998;8
634;Morir en Berlín;405;67;2010;0
635;Muchas vidas, muchos maestros;347;45;1994;2
636;La muerte de Artemio Cruz;31;10;2003;8
637;La muerte de un viajante;406;54;2001;4
638;Muerte de una ninfómana;407;52;2003;4
639;La muerte visita al dentista;112;67;1997;5
640;La muerte y la doncella;344;51;1991;6
641;La mujer de abril y otros cuentos;152;74;2009;3
642;La mujer de goma;408;74;1993;0
643;La mujer habitada;409;35;1998;4
644;La mujer rota;410;48;1994;9
645;Mujeres de ojos grandes;25;76;2008;2
646;El mundo al revés;312;10;2001;6
647;El mundo de Sofía;402;80;1990;1
648;Mundo del fin del mundo;190;86;2011;4
649;Muriendo por la dulce patria mía;411;67;1999;5
650;Muselina Pérez Soto;412;88;2002;4
651;El museo de cera;237;10;1996;5
652;Nación Prozac;413;29;2004;1
653;Nada menos que todo un hombre;414;10;2003;9
654;El nadador;113;4;2006;9
655;Nadie quiere jugar conmigo;415;74;1992;9
656;Nadie sabe mas que los muertos;148;67;2013;8
657;El naranjo;31;4;1992;3
658;La nariz de Moritz;236;74;2008;7
659;La nave de los locos;416;76;2010;3
660;Navidad en familia;417;40;1999;8
661;Neruda;206;15;2009;3
662;Neruda total;418;6;2007;6
663;Niebla;414;88;2003;0
664;El niño que se fue en un árbol;171;10;2004;6
665;El niño y el río;419;40;2003;6
666;Niños del domingo;420;86;1990;1
667;No habrá mas penas ni olvidos;26;83;1998;3
668;Noche de viernes;306;4;2004;5
669;Noches de estreno;421;67;1998;9
670;Las noches salvajes;422;86;2005;5
671;Nombre de torero;423;86;1999;10
672;El nombre de la rosa;424;55;2003;2
673;Norte grande;425;51;2010;9
674;Nosotras que nos queremos tanto;7;53;1999;0
675;Notas de prensa;104;83;1994;5
676;Notas de un concierto europeo;206;51;2013;4
677;Noticia de un secuestro;104;83;1994;7
678;La novela de Galvarino y Elena;426;52;1998;3
679;Novela de Navidad;119;88;1995;3
680;La novela de una momia;427;10;2004;8
681;La novela hispanoamericana;428;40;2008;1
682;Nueva Antología personal;242;79;2010;2
683;Nueve Cuentos;271;5;1999;10
684;Nueve semanas y media;429;86;1999;1
685;Nuevos Cuentos eróticos;11;44;1996;7
686;Nunca seré como te quiero;430;74;1994;0
687;Obra poetica;431;88;1991;7
688;Obras escogidas;23;10;2007;5
689;Obsceno pájaro de la noche;80;76;1995;4
690;Odas elementales;12;67;2010;9
691;La odisea;314;10;1996;4
692;Oír su voz;432;67;1990;4
693;El ojo mágico 2;11;29;2002;3
694;Ojos de perro azul;104;83;1991;5
695;Los ojos verdes;433;68;1998;6
696;Olivia no quiere bañarse;434;74;2011;10
697;Operación rescate;435;74;2004;5
698;Operación yogur;436;8;2000;3
699;El orgullo del espíritu;437;45;2009;4
700;El oro de los locos;232;74;2005;4
701;Oriente, Occidente;438;68;2004;6
702;Origen y futuro de una pasion;439;51;2010;10
703;Orígenes del cine en México;440;40;2001;1
704;El otoño del patriarca;104;83;1997;6
705;La ovejita negra;441;40;1995;5
706;Las palabras mágicas;442;74;1990;7
707;La paciente impaciente;443;22;1996;1
708;El paciente ingles;444;68;2008;8
709;Padre-cosa;445;57;2008;2
710;Pajaflor;446;10;2012;4
711;El pájaro;34;74;2011;3
712;Palacio del deseo;37;3;2012;6
713;El palacio de la luna;351;7;2013;5
714;El pampinoplas;403;74;1994;3
715;El pan de los años mozos;447;10;1996;4
716;Pantaleon y las visitadoras;84;76;1996;1
717;Papa cocina;374;88;2003;3
718;Papá ya no vive con nosotros;448;74;2008;10
719;Papelucho;412;88;2006;0
720;Papelucho casi huérfano;412;88;1996;4
721;Papelucho detective;412;88;2007;1
722;Papelucho en la clínica;412;88;2009;8
723;Papelucho en vacaciones;412;88;2003;5
724;Papelucho historiador;412;88;1999;1
725;Papelucho mi hermana Ji;412;88;2001;9
726;Papelucho mi hermano hippie;412;88;1995;3
727;Papelucho misionero;412;88;2012;0
728;Papelucho perdido;412;88;1999;1
729;Papelucho soy dixleso;412;88;2009;6
730;Papelucho y el marciano;412;88;1991;4
731;Para que no me olvides;7;53;2008;6
732;Paradiso;449;88;1992;5
733;El paraíso tres veces al día;450;67;1991;3
734;Parejas de trapo;451;88;2008;10
735;Paris 1924-1933;452;88;1999;9
736;París era una fiesta;453;76;1990;10
737;Parque Jurásico;454;34;2011;5
738;La pasion turca;455;67;2008;8
739;Los pasos perdidos;23;10;1999;5
740;La pata patana;456;74;1993;0
741;Patagonia express;190;86;1995;9
742;Patatita;457;74;1995;4
743;El pato Renato;209;10;2011;9
744;La patrulla de Stalingrado;262;67;1990;8
745;Paul Klee;458;84;2009;8
746;Paul Mac Cartney;459;29;2004;3
747;Paula;81;83;2001;8
748;Los pecosos;412;88;2001;10
749;Pedro páramo / El llano en llamas;460;67;2011;6
750;El pequeño Nicolas;461;4;2000;10
751;Pequeños Cuentos misóginos;83;5;2003;7
752;La pérdida del tiempo;462;67;2002;6
753;El perfume;301;76;2004;1
754;Perico trepa por Chile;412;88;2002;2
755;El períodico de Roma;463;25;2001;6
756;Perramus ;464;25;2002;8
757;Perro tiene sed;465;40;1994;4
758;El peso de la droga;466;42;2002;7
759;La peste;231;10;1991;7
760;El pez en el agua;84;76;2008;1
761;Piazza d'Italia;467;7;2011;2
762;Picasso;468;84;2011;2
763;El pino de la colina;408;74;2002;2
764;Pinocho con botas;469;40;1996;2
765;Pipeto, el monito rosado;470;74;2003;7
766;El pirata;145;5;1994;8
767;El pirata Garrapata;245;74;1991;3
768;La pista de hielo;359;67;2006;1
769;El plan infinito;81;83;2010;7
770;Platero y yo;471;10;1990;9
771;La playa de los alacranes;472;67;1995;8
772;El poder de Henry: el ojo mágico;473;29;2007;4
773;El poema de Mío Cid;337;88;2013;6
774;Poemas de amor de Pablo Neruda;372;88;2002;0
775;Poemas de otros;52;76;1995;6
776;Poemas para combatir la calvicie;474;40;2000;5
777;Poemas sociales, de guerra y de muerte;475;5;1996;1
778;Poemas y antipoemas;474;17;1994;5
779;Poesía;390;5;2011;5
780;Poesía de consumo;476;74;2012;9
781;Poesía popular, cuecas choras y la Negra Ester;477;40;2000;0
782;Poeta en Nueva York;478;17;2003;10
783;La poética de la ensoñación;479;41;1993;7
784;El polizón de la Santa María;171;10;2006;4
785;El ponche de los deseos;303;74;2012;1
786;Popol-Vuh;337;40;2000;2
787;Por arte de magia;480;74;1992;7
788;Por favor rebobinar;373;67;1998;7
789;Por no matar al general;481;67;2003;2
790;Por quien doblan las campanas;453;10;1991;10
791;Por un maldito anuncio;368;74;2013;4
792;Por una muerte sin lágrimas;482;42;2009;5
793;Los premios;24;83;1999;0
794;Primavera con una esquina rota;52;76;2008;7
795;El primer hombre;231;86;2001;1
796;La princesa peleona;265;8;2002;0
797;La princesa y el pirata;442;40;2010;3
798;El príncipe Caspian;58;10;1998;9
799;El principito;483;5;2009;10
800;La promesa;484;34;2000;6
801;Prosa completa;485;17;2005;4
802;Los puentes de Madison;486;14;1990;6
803;Puerto libre;25;67;1991;2
804;Pulp fiction;487;61;1995;7
805;Qué raros son los mayores;488;74;2004;0
806;Que viene el coco;63;74;1998;0
807;Los que vigilan desde el tiempo;218;5;2006;4
808;Querida abuela, tu Susi;345;74;1990;3
809;Querido y remoto muchacho;225;54;2005;2
810;Quien mato a Cristian Kusterman;49;67;1997;7
811;Quien se ha llevado su sueño;63;74;2003;10
812;Quien tiene miedo a la bruja;489;8;2011;2
813;Quinteto de Buenos Aires;490;67;2005;3
814;La rana solitaria;343;4;2002;9
815;Rayuela;24;83;2002;6
816;La reina Isabel cantaba rancheras;491;67;1990;10
817;La reina Margot;492;29;2007;8
818;La reina pirata;493;74;2000;0
819;El reino de este mundo;23;10;2003;4
820;Relato de un naufrago;104;83;1997;5
821;Relatos de poder;140;40;2008;6
822;Relatos y resacas;11;67;2009;7
823;Las religiones;494;42;2000;10
824;El reloj mecánico;495;45;1990;2
825;Remedios para el desamor;2;85;2003;1
826;Rena en el siglo 40 ;340;23;2004;8
827;La república;496;24;2000;0
828;Residencia en la tierra;12;88;2012;9
829;El retrato de Dorian Gray;261;10;2001;9
830;Retrato de un artista adolescente;497;71;2000;0
831;Rimbaud en Abisinia;498;40;2002;10
832;Robinson Crusoe;499;10;1994;5
833;Los robots y el imperio;251;34;2008;10
834;Rock en tiempo de amor;500;88;1998;8
835;Rockeros celestes;41;10;2008;8
836;Romancero gitano;14;10;2008;0
837;Romeo y Julieta;279;88;2003;5
838;Rosalinde;345;4;2008;8
839;El roto;97;88;2011;1
840;Rousseau;501;84;2003;5
841;El sabueso de los Baskerville;107;5;1990;7
842;La sagacidad del Padre Brown;502;5;2005;5
843;Salidas de madre;11;67;2002;7
844;Salmones y truchas;386;58;2000;7
845;Salome;261;10;1990;9
846;Saltad todos !;503;74;1996;2
847;Sanar el corazón;504;90;1992;6
848;Sangre azul;62;35;2013;8
849;Santiago cero;364;76;2006;3
850;El Santiago que se fue;243;44;1997;6
851;El sapo ronco;505;10;1991;4
852;El sapo y la rana;506;10;2000;1
853;Se anuncia un asesinato;112;67;2010;9
854;El secreto de la arboleda;507;74;2001;8
855;El secreto de Lena;303;74;1990;8
856;Los secretos de Catita;412;88;1992;1
857;Segunda fundación;251;4;2000;6
858;La selva;34;74;2013;5
859;Las selvas;508;74;2005;1
860;La senda del perdedor;235;7;1990;2
861;Señor con pollo en la puerta;509;51;2008;10
862;El señor de las moscas;510;5;2004;2
863;El señor de los anillos, I,II,III;172;60;1991;2
864;El señor que aparece de espaldas;511;4;2010;8
865;La señorita Kitty;512;67;2005;2
866;La señorita Perla;48;10;1994;10
867;Siete días de la señora K;513;67;1994;3
868;Las siete iniciaciones;514;34;2007;7
869;Las siete leyes espirituales para padres;504;62;2000;1
870;Los signos del zodíaco;515;34;1990;8
871;Silencios;516;88;1998;3
872;La silla de plata;58;10;2007;0
873;El Silmarillion;172;60;1994;0
874;Sobre héroes y tumbas;225;76;1999;3
875;Sobredosis;373;67;2003;6
876;El sobrino del mago;58;10;2013;8
877;La sociedad global;517;51;1999;2
878;El socio;518;10;2012;9
879;El socio;348;62;1996;10
880;Sofía de los presagios;409;89;2006;5
881;El soldadito rojo;412;88;2012;1
882;Solo de saxo;407;44;1995;10
883;La sombra tras el muro;387;56;2008;1
884;Sombras de un pasado;21;44;1992;5
885;Soñar en cubano;519;39;2001;7
886;La sorprendente Isla de Pascua;520;74;2000;1
887;Sostiene Pereira;467;7;1996;6
888;Soy de la Plaza Italia;521;53;1990;5
889;Los subterráneos;216;7;2007;9
890;Sudor;60;5;2001;4
891;Suelta el globo;522;74;2004;4
892;Sueño con la paz;11;13;1993;9
893;El sueño de mi padre;523;67;2010;0
894;Sueños de mala muerte;80;88;1995;0
895;Supergato;524;74;2011;1
896;Tanit;525;74;1997;9
897;El tarot;526;89;2004;0
898;Tartufo;527;88;1994;0
899;Teatro chileno contemporáneo;11;40;2001;6
900;La telaraña;528;40;2008;0
901;El temblor de la falsificación;83;5;1998;4
902;La temible niñasaurio;529;74;2009;6
903;El témpano Kanasaka;263;88;1999;3
904;El tercer hombre;530;10;1993;8
905;Teresa Wilms-Montt;531;44;2009;2
906;Terror en Winnipeg;532;74;1999;9
907;El tesoro del molino viejo;533;74;1999;3
908;La tía Julia y el escribidor;84;76;2000;1
909;El tiempo;34;74;2005;3
910;Tiempo que ladra;513;67;1999;6
911;Tinta roja;373;4;1997;3
912;Tócala otra vez;534;29;2013;8
913;Toda esa gente insoportable;535;24;2010;1
914;Toda la obra;460;88;2006;9
915;Todos los cuentos;170;88;2008;0
916;Todos los fuegos, el fuego;24;62;2012;3
917;Los trabajadores de la muerte;536;67;1994;2
918;Tradiciones peruanas;537;88;1995;10
919;Traficantes & lavadores;538;44;1993;4
920;Traficantes de belleza;62;76;1994;1
921;El traje del emperador;539;88;1998;0
922;Los trasplantados;540;10;2001;0
923;La travesía del explorador del amanecer;58;10;1995;1
924;Travesuras y aventuras;110;10;2011;2
925;Trece casos misteriosos;171;10;1996;4
926;La tregua;52;66;1996;5
927;Los tres mosqueteros I;492;10;1993;6
928;Los tres mosqueteros II;492;10;2012;7
929;Tres comedias;279;88;2010;4
930;La tribu de la tierra;541;29;2011;1
931;La tribu del fuego;541;29;1992;8
932;La tribu del lobo;541;29;2006;10
933;La trilogía de Nueva York;351;7;1993;7
934;Truman Capote;542;29;2000;4
935;Tu hijo;132;90;2009;7
936;El túnel;225;17;1999;0
937;Tus zonas erróneas;543;44;1997;7
938;La ultima niebla / La amortajada;296;88;1990;4
939;El ultimo mohicano;544;10;2004;7
940;El último suspiro del moro;438;68;1996;1
941;Ultimos poemas;545;51;1993;3
942;Un barco cargado de cuentos;11;74;1998;5
943;Un cadáver en la biblioteca;112;67;1997;8
944;Un duende a rayas;546;74;2006;3
945;Un embrujo de cinco siglos;456;10;1992;9
946;Un gato en el palomar;112;67;2000;10
947;Un grito desesperado;335;21;1992;9
948;Un montón de bebés;547;40;2004;7
949;Un montón de unicornios;47;74;2000;4
950;Un muchacho del siglo veinte;206;83;2009;2
951;Un mundo feliz;548;69;2012;5
952;Un puñado de semillas;549;78;2001;4
953;Un viejo que leía novelas de amor;423;86;1995;4
954;Una aguja y un dedal;167;10;2011;1
955;Una casa vacía;405;4;2013;0
956;Una cuestión personal;550;7;1998;0
957;Una habitación propia;551;76;1997;0
958;Una niña llamada Ernestina;552;88;2012;3
959;El universo de los aztecas;553;73;2007;9
960;Usted puede sanar su vida;554;34;1998;1
961;Uti-Tanka, pequeño bisonte;232;74;2007;1
962;Vaca sagrada;536;67;1993;7
963;Las vacaciones del mayor ;555;25;2003;5
964;Valdano: cuentos de fútbol;556;2;2007;1
965;El valor de educar;557;11;2002;8
966;Valparaíso ciudad del viento;97;88;1990;2
967;Vamos a cazar un oso;558;32;2000;6
968;Van Gogh;78;84;2013;2
969;Vecina amable;327;10;2005;1
970;Veinte mil leguas de viaje submarino;185;10;1993;2
971;Veinte poemas de amor;12;67;2002;1
972;El velero rojo;559;74;2012;0
973;La venganza de Nofret;112;67;1997;8
974;Venus en el pudridero;560;88;2003;4
975;La verdad sobre los Incas;30;43;1994;8
976;El viaducto;41;67;2002;6
977;Viaje al centro de la tierra;185;5;1997;2
978;El viaje de los argonautas;561;10;2011;7
979;El viaje de los hijos de la sombra;562;74;1997;0
980;Viajes;563;88;1994;1
981;Viajes al otro mundo;218;5;1998;9
982;Viajes de Marco Polo;564;88;2009;1
983;El vicario que hablaba al revés;267;74;1993;6
984;Vida acuática;174;74;1995;0
985;Vida de Chaplin;378;40;1990;7
986;La vida de las hormigas;565;74;2005;5
987;La vida diaria de los romanos;566;74;2002;9
988;La vida es sueño;567;10;2008;3
989;El viejo y el mar;453;67;2000;2
990;El viejo y el niño;568;10;2013;8
991;Los vigilantes;536;83;1995;4
992;Las vírgenes del paraíso;21;44;2004;6
993;Visto y no visto;569;45;2010;6
994;Vivir en pareja;570;35;2012;8
995;Vivir no es nada nuevo;571;4;2010;8
996;Volar sobre el pantano;335;21;1990;0
997;Voy a vivirme;206;23;2001;5
998;Voy y vuelvo;572;66;1993;1
999;Wakefield y otros Cuentos;573;5;1995;8
1000;Warhol;574;84;2002;5
1001;Waslala;409;89;1999;8
1002;Wild Palms ;575;25;2002;0
1003;Willy el mago;64;40;2008;7
1004;Woody Allen;576;29;2006;7
1005;Woody Allen en imágenes y palabras;577;25;2004;1
1006;El zarapito plateado;578;74;1996;3
1007;El zoo se va de viaje;236;74;1998;9
1008;Zoológico;64;40;2012;6
1009;El zorro de arriba y el zorro de abajo;579;88;2011;4
